beta1,beta2,alpha
0.016681796132535433,0.062497327825578375,1.0943783992188296e-05
