beta1,beta2,alpha
0.005977204716347476,3.314259298830589e-05,0.029964421247962367
0.013173327956487395,-6.917176173667784e-05,0.02998719772270847
