beta1,beta2,alpha
0.8790480961984184,0.0026824361959636844,0.03844006151319012
