beta1,beta2,alpha
0.006646643925472145,4.7280605067736545e-07,0.03005660108648318
0.0065719970513208005,1.194029721332222e-05,0.02996472881210096
