beta1,beta2,alpha
1.3868789761782252,0.001080608873593723,0.07836660604892752
1.2282209104003436,0.22586409680346428,0.057034803578567654
