beta1,beta2,alpha
0.603503048087712,0.014236878349445313,1.125848682425107
0.6520912803538784,0.044904739864319386,0.0002024578645573918
0.6555996356438081,0.04212078745563588,0.00734952585022742
0.6713595742056756,0.03398385661881354,0.0906942289481256
