beta1,beta2,alpha
0.7884937819160536,0.07682232819478398,0.008791960017706102
