beta1,beta2,alpha
0.6545128350789892,0.04370089489515483,0.0022870526643341115
0.6541302961285462,0.045301127578148345,3.211964557454635e-05
0.6542289808135126,0.044697014113317245,0.00047631693567443025
0.593666602010458,0.013865039111258288,1.2064161041306052
0.6527397884609689,0.03854225107725753,0.03551975038383013
0.6540398536041261,0.04208099524262026,0.008340244111355293
0.663463532003008,0.030266320666289936,0.1850906332382132
