beta1,beta2,alpha
1.4003253142661731,0.001461765579504024,0.07855493494891438
1.3936238029311814,0.034398795289291385,0.0709652949124413
1.398680990688162,0.1405389023603615,0.06171911328286819
1.3989058770719074,0.007249989570809042,0.076077324770458
1.4002339981148477,8.144652553958233e-05,0.08007538894060838
1.1878472873375032,0.9728164165708952,0.03821659296380066
