beta1,beta2,alpha
0.9416865622467111,0.055539744152969646,0.13272473547056898
0.9613696129352056,0.0866351817293279,0.0006427729140823896
0.8901326312545484,0.02127764517079083,0.9117913973270432
0.9535465847709608,0.0761453742915228,0.017896959941248774
