beta1,beta2,alpha
1.1878472873375032,0.9728164165708952,0.03821659296380066
1.4007487904173306,0.0041084228876553195,0.07721770781901194
1.4002048731517454,0.0003395102877633789,0.07965694588032136
1.4040676034842985,0.14304754356580993,0.061521396406916805
1.3993780808503364,0.011707381354930893,0.07492094295545824
1.400433394258412,2.2129541168738115e-05,0.08035128897029636
1.395311113624006,0.03979515556067387,0.07027774524212231
1.4002531823279984,0.0012956016332126424,0.07871418695820252
