beta1,beta2,alpha
0.015572783088340795,0.06252176062954057,1.906296838620388e-05
18.47840432528393,-0.017357475765921292,-0.07069567382821122
