beta1,beta2,alpha
0.6007868622775376,0.01753498292269667,0.7165747412023171
0.6393518088900983,0.04404918268498265,0.0008641840524146115
