beta1,beta2,alpha
1.3997107827375632,0.00023651466467416058,0.07962579769278892
1.1967587580576118,0.6672893428288567,0.04414507982647589
1.3943035583004721,0.006424284260144698,0.07629666316484793
1.4146706642169231,0.06327672393753102,0.0670283161877328
