beta1,beta2,alpha
0.9015610169060426,0.0007245260085188023,0.04188032513219807
0.8869435766702005,1.4507708026998567,0.004817269766427044
0.905399107883119,0.04942103817842183,0.03262293833273428
0.9011452708584756,0.003384977135818858,0.04033433583847845
0.9015518011278358,4.418859797170303e-05,0.042868863255591416
0.9009097769863381,0.012736765057286997,0.037704942319962374
0.8875996530104978,0.22927578936892942,0.022882409145549294
