beta1,beta2,alpha
0.006609120552658042,-1.3807854079033566e-07,0.030069265944116675
0.006579365472253777,1.1968578232237798e-05,0.029964595808253027
